Model,Accuracy Drop (%),F1 Drop (%),Avg Impact (%)
No Entity,1.299398625429553,1.718361612450019,1.508880118939786
No Cross-Modal,-0.18256013745703648,-0.043229222954712626,-0.11289468020587455
No Conflict,0.0,0.17291689181887449,0.08645844590943724
Lite (Simple),1.5786082474226852,1.869663892791525,1.7241360701071051
